query,refinement_type,refined_query_text,refined_query,matched_concept,direct_causes,num_direct_causes,multi_hop_paths,num_multi_hop_paths,retrieval_success,rewritten_knowledge,final_response,is_hallucination,latency_seconds,latency_ms,query_throughput_qps,status
What causes heart disease?,Expand Query,What are the known risk factors and contributing lifestyle choices that contribute to heart disease?,heart disease,heart disease,Diabetes; Genetic predisposition; High blood pressure; Poor diet; Smoking,5,Smoking → heart disease; High blood pressure → heart disease; Diabetes → heart disease; Genetic predisposition → Diabetes → heart disease; Family history of disease → Genetic predisposition → Diabetes → heart disease; Inherited traits from parents → Genetic predisposition → Diabetes → heart disease; Environmental factors during pregnancy → Genetic predisposition → Diabetes → heart disease; Exposure to certain toxins → Genetic predisposition → Diabetes → heart disease; Random chance and natural selection → Genetic predisposition → Diabetes → heart disease; Family history of diabetes → Diabetes → heart disease; Poor diet → Diabetes → heart disease; Lack of physical activity → Diabetes → heart disease; Insulin resistance → Diabetes → heart disease; Poor diet → heart disease; Genetic predisposition → heart disease; Family history of disease → Genetic predisposition → heart disease; Inherited traits from parents → Genetic predisposition → heart disease; Environmental factors during pregnancy → Genetic predisposition → heart disease; Exposure to certain toxins → Genetic predisposition → heart disease; Random chance and natural selection → Genetic predisposition → heart disease,20,Yes,"Based on the provided evidence-grounded medical knowledge rewriting system, I will reorganize the evidence to answer the query ""What causes heart disease?""

 DIRECT CAUSAL EVIDENCE
1. Diabetes → heart disease
2. High blood pressure → heart disease
3. Smoking → heart disease
4. Genetic predisposition → Diabetes → heart disease

Since there are no direct causal relationships between other factors and heart disease, I will not include them in the output.

OUTPUT:
""Heart disease is caused by diabetes, high blood pressure, and smoking.""","Heart disease is caused by diabetes, high blood pressure, and smoking.",No,51.9050,51904.97,0.0193,SUCCESS
What leads to heart disease?,Expand Query,What are the known risk factors and contributing lifestyle choices that can lead to heart disease?,heart disease,heart disease,Diabetes; Genetic predisposition; High blood pressure; Poor diet; Smoking,5,Smoking → heart disease; High blood pressure → heart disease; Diabetes → heart disease; Genetic predisposition → Diabetes → heart disease; Family history of disease → Genetic predisposition → Diabetes → heart disease; Inherited traits from parents → Genetic predisposition → Diabetes → heart disease; Environmental factors during pregnancy → Genetic predisposition → Diabetes → heart disease; Exposure to certain toxins → Genetic predisposition → Diabetes → heart disease; Random chance and natural selection → Genetic predisposition → Diabetes → heart disease; Family history of diabetes → Diabetes → heart disease; Poor diet → Diabetes → heart disease; Lack of physical activity → Diabetes → heart disease; Insulin resistance → Diabetes → heart disease; Poor diet → heart disease; Genetic predisposition → heart disease; Family history of disease → Genetic predisposition → heart disease; Inherited traits from parents → Genetic predisposition → heart disease; Environmental factors during pregnancy → Genetic predisposition → heart disease; Exposure to certain toxins → Genetic predisposition → heart disease; Random chance and natural selection → Genetic predisposition → heart disease,20,Yes,"Based on the provided evidence-grounded medical knowledge rewriting system, I will reorganize the information to answer the query ""What leads to heart disease?""

Direct Causal Evidence:
1. Diabetes
2. Genetic predisposition
3. High blood pressure
4. Poor diet
5. Smoking

Multi-Hop Causal Evidence:
1. Smoking → heart disease
2. High blood pressure → heart disease
3. Diabetes → heart disease
4. Genetic predisposition → Diabetes → heart disease
5. Family history of disease → Genetic predisposition → Diabetes → heart disease
6. Inherited traits from parents → Genetic predisposition → Diabetes → heart disease
7. Environmental factors during pregnancy → Genetic predisposition → Diabetes → heart disease
8. Exposure to certain toxins → Genetic predisposition → Diabetes → heart disease
9. Random chance and natural selection → Genetic predisposition → Diabetes → heart disease
10. Family history of diabetes → Diabetes → heart disease
11. Poor diet → Diabetes → heart disease
12. Lack of physical activity → Diabetes → heart disease
13. Insulin resistance → Diabetes → heart disease
14. Poor diet → heart disease
15. Genetic predisposition → heart disease
16. Family history of disease → Genetic predisposition → heart disease
17. Inherited traits from parents → Genetic predisposition → heart disease
18. Environmental factors during pregnancy → Genetic predisposition → heart disease
19. Exposure to certain toxins → Genetic predisposition → heart disease
20. Random chance and natural selection → Genetic predisposition → heart disease

Strict Rules:
No additional information can be added or inferred beyond what is explicitly present in the evidence.

Therefore, based on the provided evidence-grounded medical knowledge rewriting system, I will report:

""Heart disease is caused by Diabetes, Genetic predisposition, High blood pressure, Poor diet, and Smoking.""","""Heart disease is caused by Diabetes, Genetic predisposition, High blood pressure, Poor diet, and Smoking.""",No,79.0001,79000.14,0.0127,SUCCESS
What are the causes of heart disease?,Expand Query,What are the known risk factors and contributing lifestyle choices that contribute to heart disease?,heart disease,heart disease,Diabetes; Genetic predisposition; High blood pressure; Poor diet; Smoking,5,Smoking → heart disease; High blood pressure → heart disease; Diabetes → heart disease; Genetic predisposition → Diabetes → heart disease; Family history of disease → Genetic predisposition → Diabetes → heart disease; Inherited traits from parents → Genetic predisposition → Diabetes → heart disease; Environmental factors during pregnancy → Genetic predisposition → Diabetes → heart disease; Exposure to certain toxins → Genetic predisposition → Diabetes → heart disease; Random chance and natural selection → Genetic predisposition → Diabetes → heart disease; Family history of diabetes → Diabetes → heart disease; Poor diet → Diabetes → heart disease; Lack of physical activity → Diabetes → heart disease; Insulin resistance → Diabetes → heart disease; Poor diet → heart disease; Genetic predisposition → heart disease; Family history of disease → Genetic predisposition → heart disease; Inherited traits from parents → Genetic predisposition → heart disease; Environmental factors during pregnancy → Genetic predisposition → heart disease; Exposure to certain toxins → Genetic predisposition → heart disease; Random chance and natural selection → Genetic predisposition → heart disease,20,Yes,"Based on the provided evidence-grounded medical knowledge rewriting system, I can generate a response to the query ""What are the causes of heart disease?"".


""Heart disease is caused by Diabetes, Genetic predisposition, High blood pressure, Poor diet, and Smoking.""","""Heart disease is caused by Diabetes, Genetic predisposition, High blood pressure, Poor diet, and Smoking.""",No,44.2035,44203.54,0.0226,SUCCESS
What factors contribute to heart disease?,Expand Query,What factors contribute to heart disease?,heart disease,heart disease,Diabetes; Genetic predisposition; High blood pressure; Poor diet; Smoking,5,Smoking → heart disease; High blood pressure → heart disease; Diabetes → heart disease; Genetic predisposition → Diabetes → heart disease; Family history of disease → Genetic predisposition → Diabetes → heart disease; Inherited traits from parents → Genetic predisposition → Diabetes → heart disease; Environmental factors during pregnancy → Genetic predisposition → Diabetes → heart disease; Exposure to certain toxins → Genetic predisposition → Diabetes → heart disease; Random chance and natural selection → Genetic predisposition → Diabetes → heart disease; Family history of diabetes → Diabetes → heart disease; Poor diet → Diabetes → heart disease; Lack of physical activity → Diabetes → heart disease; Insulin resistance → Diabetes → heart disease; Poor diet → heart disease; Genetic predisposition → heart disease; Family history of disease → Genetic predisposition → heart disease; Inherited traits from parents → Genetic predisposition → heart disease; Environmental factors during pregnancy → Genetic predisposition → heart disease; Exposure to certain toxins → Genetic predisposition → heart disease; Random chance and natural selection → Genetic predisposition → heart disease,20,Yes,"Based on the provided evidence-grounded medical knowledge rewriting system, I will reorganize the information to answer the query ""What factors contribute to heart disease?""

According to the DIRECT CAUSAL EVIDENCE:

1. Diabetes → heart disease
2. High blood pressure → heart disease
3. Smoking → heart disease
4. Genetic predisposition → Diabetes → heart disease

These are the direct causal relationships explicitly present in the evidence.

No additional information can be added or inferred beyond these direct causes, as per RULES 5-7 and 11.","According to the Structured Knowledge, the following factors contribute to heart disease:

1. Diabetes
2. High blood pressure
3. Smoking
4. Genetic predisposition (specifically, genetic predisposition leading to diabetes)

These are the direct causal relationships explicitly present in the evidence.",Yes,66.6513,66651.26,0.0150,SUCCESS
What causes cardiovascular disease?,Expand Query,What are the underlying risk factors and contributing lifestyle choices that contribute to the development of cardiovascular disease?,heart disease,heart disease,Diabetes; Genetic predisposition; High blood pressure; Poor diet; Smoking,5,Smoking → heart disease; High blood pressure → heart disease; Diabetes → heart disease; Genetic predisposition → Diabetes → heart disease; Family history of disease → Genetic predisposition → Diabetes → heart disease; Inherited traits from parents → Genetic predisposition → Diabetes → heart disease; Environmental factors during pregnancy → Genetic predisposition → Diabetes → heart disease; Exposure to certain toxins → Genetic predisposition → Diabetes → heart disease; Random chance and natural selection → Genetic predisposition → Diabetes → heart disease; Family history of diabetes → Diabetes → heart disease; Poor diet → Diabetes → heart disease; Lack of physical activity → Diabetes → heart disease; Insulin resistance → Diabetes → heart disease; Poor diet → heart disease; Genetic predisposition → heart disease; Family history of disease → Genetic predisposition → heart disease; Inherited traits from parents → Genetic predisposition → heart disease; Environmental factors during pregnancy → Genetic predisposition → heart disease; Exposure to certain toxins → Genetic predisposition → heart disease; Random chance and natural selection → Genetic predisposition → heart disease,20,Yes,"Based on the provided evidence-grounded medical knowledge rewriting system, I will reorganize the causal relationships for cardiovascular disease.


Cardiovascular disease is caused by:
Diabetes
High blood pressure
Smoking
Poor diet
Genetic predisposition


These are the direct causes explicitly present in the DIRECT CAUSAL EVIDENCE.","Cardiovascular disease is caused by diabetes, high blood pressure, smoking, and poor diet.",No,47.4091,47409.13,0.0211,SUCCESS
What causes lung cancer?,Expand Query,What are the known risk factors and environmental exposures that contribute to the development of lung cancer?,lung cancer,lung cancer,Radon exposure; Smoking,2,Smoking → lung cancer; Radon exposure → lung cancer,2,Yes,Lung cancer is caused by Radon exposure and Smoking.,Lung cancer is caused by Radon exposure and Smoking.,No,34.8088,34808.79,0.0287,SUCCESS
What leads to lung cancer?,Expand Query,What are the known risk factors and causes that lead to lung cancer?,lung cancer,lung cancer,Radon exposure; Smoking,2,Smoking → lung cancer; Radon exposure → lung cancer,2,Yes,Lung cancer is caused by smoking and radon exposure.,Smoking and radon exposure lead to lung cancer.,No,34.7041,34704.05,0.0288,SUCCESS
What are the causes of lung cancer?,Expand Query,What are the known risk factors and underlying biological mechanisms that contribute to the development of lung cancer?,lung cancer,lung cancer,Radon exposure; Smoking,2,Smoking → lung cancer; Radon exposure → lung cancer,2,Yes,Lung cancer is caused by Radon exposure and Smoking.,Lung cancer is caused by Radon exposure and Smoking.,No,35.3252,35325.18,0.0283,SUCCESS
What factors contribute to lung cancer?,Expand Query,What factors contribute to lung cancer?,lung cancer,lung cancer,Radon exposure; Smoking,2,Smoking → lung cancer; Radon exposure → lung cancer,2,Yes,Lung cancer is caused by Radon exposure and Smoking.,Lung cancer is caused by Radon exposure and Smoking.,No,34.3496,34349.57,0.0291,SUCCESS
What causes migraine?,Expand Query,What are the underlying physiological mechanisms that contribute to the development of migraines?,migraine,migraine,Environmental toxins; Food sensitivities; Hormonal changes; Sleep deprivation; Stress,5,Stress → migraine; Sleep deprivation → migraine; Hormonal changes → migraine; Food sensitivities → migraine; Environmental toxins → migraine,5,Yes,"Based on the provided evidence-grounded medical knowledge rewriting system, I will organize the evidence retrieved from a causal knowledge graph to answer the query ""What causes migraine?"":

Migraine is caused by:
- Environmental toxins
- Food sensitivities
- Hormonal changes
- Sleep deprivation
- Stress","Migraine is caused by environmental toxins, food sensitivities, hormonal changes, sleep deprivation, and stress.",Yes,52.9899,52989.90,0.0189,SUCCESS
What causes migraines?,Expand Query,What are the underlying physiological mechanisms that trigger migraines?,migraine,migraine,Environmental toxins; Food sensitivities; Hormonal changes; Sleep deprivation; Stress,5,Stress → migraine; Sleep deprivation → migraine; Hormonal changes → migraine; Food sensitivities → migraine; Environmental toxins → migraine,5,Yes,"Based on the provided evidence-grounded medical knowledge rewriting system, I will reorganize the information to answer the query ""What causes migraines?""

DIRECT CAUSAL EVIDENCE
1. Environmental toxins → migraine
2. Food sensitivities → migraine
3. Hormonal changes → migraine
4. Sleep deprivation → migraine
5. Stress → migraine

Since there are multiple direct causal relationships, I will provide a comprehensive list of causes:

""Migraines are caused by environmental toxins, food sensitivities, hormonal changes, sleep deprivation, and stress.""","Migraines are caused by environmental toxins, food sensitivities, hormonal changes, sleep deprivation, and stress.",No,49.5514,49551.45,0.0202,SUCCESS
What triggers migraine?,Expand Query,What triggers migraines?,migraine,migraine,Environmental toxins; Food sensitivities; Hormonal changes; Sleep deprivation; Stress,5,Stress → migraine; Sleep deprivation → migraine; Hormonal changes → migraine; Food sensitivities → migraine; Environmental toxins → migraine,5,Yes,"Based on the provided evidence-grounded medical knowledge rewriting system, I will organize the evidence retrieved from a causal knowledge graph to answer the query ""What triggers migraine?"":

Migraine is caused by:
- Environmental toxins
- Food sensitivities
- Hormonal changes
- Sleep deprivation
- Stress","Migraine can be triggered by environmental toxins, food sensitivities, hormonal changes, sleep deprivation, and stress.",Yes,53.9385,53938.54,0.0185,SUCCESS
What factors contribute to migraine?,Expand Query,What factors contribute to migraine?,migraine,migraine,Environmental toxins; Food sensitivities; Hormonal changes; Sleep deprivation; Stress,5,Stress → migraine; Sleep deprivation → migraine; Hormonal changes → migraine; Food sensitivities → migraine; Environmental toxins → migraine,5,Yes,"Based on the provided evidence-grounded medical knowledge rewriting system, I will organize the information to answer the query ""What factors contribute to migraine?"":

Migraine is caused by:
- Environmental toxins
- Food sensitivities
- Hormonal changes
- Sleep deprivation
- Stress","Migraine is caused by environmental toxins, food sensitivities, hormonal changes, sleep deprivation, and stress.",No,45.0843,45084.34,0.0222,SUCCESS
What causes asthma?,Expand Query,What are the underlying factors that contribute to the development and exacerbation of asthma?,asthma,asthma,Air pollution; Allergies; Environmental toxins; Genetic predisposition; Respiratory infections,5,Air pollution → asthma; Allergies → asthma; Respiratory infections → asthma; Genetic predisposition → asthma; Family history of disease → Genetic predisposition → asthma; Inherited traits from parents → Genetic predisposition → asthma; Environmental factors during pregnancy → Genetic predisposition → asthma; Exposure to certain toxins → Genetic predisposition → asthma; Random chance and natural selection → Genetic predisposition → asthma; Environmental toxins → asthma,10,Yes,"Based on the provided evidence-grounded medical knowledge rewriting system, I will reorganize the information to answer the query ""What causes asthma?"".


Asthma is caused by:
Air pollution
Allergies
Respiratory infections


These relationships are explicitly present in the DIRECT CAUSAL EVIDENCE.","Asthma is caused by air pollution, allergies, and respiratory infections.",No,44.0134,44013.36,0.0227,SUCCESS
What leads to asthma?,Expand Query,What are the underlying factors that contribute to the development of asthma?,asthma,asthma,Air pollution; Allergies; Environmental toxins; Genetic predisposition; Respiratory infections,5,Air pollution → asthma; Allergies → asthma; Respiratory infections → asthma; Genetic predisposition → asthma; Family history of disease → Genetic predisposition → asthma; Inherited traits from parents → Genetic predisposition → asthma; Environmental factors during pregnancy → Genetic predisposition → asthma; Exposure to certain toxins → Genetic predisposition → asthma; Random chance and natural selection → Genetic predisposition → asthma; Environmental toxins → asthma,10,Yes,"Based on the provided evidence-grounded medical knowledge rewriting system, I will organize the causal relationships related to asthma:

Asthma is caused by:
Air pollution
Allergies
Respiratory infections
Genetic predisposition

Note: The above answer only includes direct causal statements explicitly present in the DIRECT CAUSAL EVIDENCE.","Asthma is caused by:

1. Air pollution
2. Allergies
3. Respiratory infections
4. Genetic predisposition",No,44.6925,44692.45,0.0224,SUCCESS
What factors contribute to asthma?,Expand Query,What factors contribute to asthma?,asthma,asthma,Air pollution; Allergies; Environmental toxins; Genetic predisposition; Respiratory infections,5,Air pollution → asthma; Allergies → asthma; Respiratory infections → asthma; Genetic predisposition → asthma; Family history of disease → Genetic predisposition → asthma; Inherited traits from parents → Genetic predisposition → asthma; Environmental factors during pregnancy → Genetic predisposition → asthma; Exposure to certain toxins → Genetic predisposition → asthma; Random chance and natural selection → Genetic predisposition → asthma; Environmental toxins → asthma,10,Yes,"Based on the provided evidence-grounded medical knowledge rewriting system, I will organize the factors that contribute to asthma:

Asthma is caused by air pollution, allergies, and respiratory infections.","Asthma is caused by air pollution, allergies, and respiratory infections.",Yes,49.7749,49774.94,0.0201,SUCCESS
What causes depression?,Expand Query,What are the underlying biological and psychological factors that contribute to depression?,depression,depression,Chronic stress; Genetic predisposition; Lack of social support; Poor sleep habits; Traumatic event,5,Lack of social support → depression; Traumatic event → depression; Chronic stress → depression; Poor sleep habits → depression; Genetic predisposition → depression; Family history of disease → Genetic predisposition → depression; Inherited traits from parents → Genetic predisposition → depression; Environmental factors during pregnancy → Genetic predisposition → depression; Exposure to certain toxins → Genetic predisposition → depression; Random chance and natural selection → Genetic predisposition → depression,10,Yes,"Based on the provided evidence-grounded medical knowledge rewriting system, I will reorganize the information to answer the query ""What causes depression?""

According to the DIRECT CAUSAL EVIDENCE:

1. Chronic stress → depression
2. Lack of social support → depression
3. Traumatic event → depression
4. Poor sleep habits → depression
5. Genetic predisposition → depression

These are the direct causal relationships explicitly present in the evidence.

Therefore, I will report the direct causes exactly as follows:

""Depression is caused by chronic stress, lack of social support, traumatic event, and poor sleep habits.""","Depression is caused by chronic stress, lack of social support, traumatic event, and poor sleep habits.",Yes,61.1032,61103.21,0.0164,SUCCESS
What leads to depression?,Expand Query,What are some underlying factors that contribute to the development of depression?,depression,depression,Chronic stress; Genetic predisposition; Lack of social support; Poor sleep habits; Traumatic event,5,Lack of social support → depression; Traumatic event → depression; Chronic stress → depression; Poor sleep habits → depression; Genetic predisposition → depression; Family history of disease → Genetic predisposition → depression; Inherited traits from parents → Genetic predisposition → depression; Environmental factors during pregnancy → Genetic predisposition → depression; Exposure to certain toxins → Genetic predisposition → depression; Random chance and natural selection → Genetic predisposition → depression,10,Yes,"Based on the provided evidence-grounded medical knowledge rewriting system, I will organize the causal relationships related to depression:

Depression is caused by:
- Chronic stress
- Genetic predisposition
- Lack of social support
- Poor sleep habits
- Traumatic event","Depression is caused by chronic stress, genetic predisposition, lack of social support, poor sleep habits, and traumatic event.",Yes,54.6588,54658.83,0.0183,SUCCESS
What factors contribute to depression?,Expand Query,What factors contribute to depression?,depression,depression,Chronic stress; Genetic predisposition; Lack of social support; Poor sleep habits; Traumatic event,5,Lack of social support → depression; Traumatic event → depression; Chronic stress → depression; Poor sleep habits → depression; Genetic predisposition → depression; Family history of disease → Genetic predisposition → depression; Inherited traits from parents → Genetic predisposition → depression; Environmental factors during pregnancy → Genetic predisposition → depression; Exposure to certain toxins → Genetic predisposition → depression; Random chance and natural selection → Genetic predisposition → depression,10,Yes,"Based on the provided evidence-grounded medical knowledge rewriting system, I will organize the factors that contribute to depression:

Depression is caused by:
- Chronic stress
- Genetic predisposition
- Lack of social support
- Poor sleep habits
- Traumatic event","Depression is caused by chronic stress, genetic predisposition, lack of social support, poor sleep habits, and traumatic event.",Yes,54.2114,54211.40,0.0184,SUCCESS
What causes stroke?,Expand Query,What are the underlying factors that contribute to the occurrence of a stroke?,stroke,stroke,Atherosclerosis; Blood clots; Diabetes; High blood pressure; Traumatic brain injury,5,High blood pressure → stroke; Diabetes → stroke; Genetic predisposition → Diabetes → stroke; Family history of disease → Genetic predisposition → Diabetes → stroke; Inherited traits from parents → Genetic predisposition → Diabetes → stroke; Environmental factors during pregnancy → Genetic predisposition → Diabetes → stroke; Exposure to certain toxins → Genetic predisposition → Diabetes → stroke; Random chance and natural selection → Genetic predisposition → Diabetes → stroke; Family history of diabetes → Diabetes → stroke; Poor diet → Diabetes → stroke; Lack of physical activity → Diabetes → stroke; Insulin resistance → Diabetes → stroke; Atherosclerosis → stroke; Blood clots → stroke; Traumatic brain injury → stroke,15,Yes,"Based on the provided causal knowledge graph evidence, here is the rewritten answer:

""Stroke is caused by Atherosclerosis, Blood clots, Diabetes, High blood pressure, and Traumatic brain injury.""

This response adheres to the provided rules and only includes direct causal statements from the DIRECT CAUSAL EVIDENCE.","Based on the Structured Knowledge, stroke is caused by Atherosclerosis, Blood clots, Diabetes, High blood pressure, and Traumatic brain injury.",No,46.0326,46032.57,0.0217,SUCCESS
What leads to stroke?,Expand Query,What are the risk factors and underlying conditions that contribute to an increased likelihood of experiencing a stroke?,stroke,stroke,Atherosclerosis; Blood clots; Diabetes; High blood pressure; Traumatic brain injury,5,High blood pressure → stroke; Diabetes → stroke; Genetic predisposition → Diabetes → stroke; Family history of disease → Genetic predisposition → Diabetes → stroke; Inherited traits from parents → Genetic predisposition → Diabetes → stroke; Environmental factors during pregnancy → Genetic predisposition → Diabetes → stroke; Exposure to certain toxins → Genetic predisposition → Diabetes → stroke; Random chance and natural selection → Genetic predisposition → Diabetes → stroke; Family history of diabetes → Diabetes → stroke; Poor diet → Diabetes → stroke; Lack of physical activity → Diabetes → stroke; Insulin resistance → Diabetes → stroke; Atherosclerosis → stroke; Blood clots → stroke; Traumatic brain injury → stroke,15,Yes,"Based on the provided evidence-grounded medical knowledge rewriting system, I will reorganize the causal relationships related to stroke:

Direct Causal Evidence:
1. Atherosclerosis → Stroke
2. Blood clots → Stroke
3. Diabetes → Stroke
4. High blood pressure → Stroke
5. Traumatic brain injury → Stroke

Multi-hop Causal Evidence (with direct causes extracted):
1. High blood pressure → Stroke
2. Diabetes → Stroke
3. Atherosclerosis → Stroke
4. Blood clots → Stroke

Strict Rules:
No additional information can be added or inferred beyond the provided evidence.

Output:
""Stroke is caused by High blood pressure, Diabetes, Atherosclerosis, and Blood clots.""","Stroke is caused by High blood pressure, Diabetes, Atherosclerosis, and Blood clots.",No,53.1984,53198.42,0.0188,SUCCESS
What factors contribute to stroke?,Expand Query,What factors contribute to stroke?,stroke,stroke,Atherosclerosis; Blood clots; Diabetes; High blood pressure; Traumatic brain injury,5,High blood pressure → stroke; Diabetes → stroke; Genetic predisposition → Diabetes → stroke; Family history of disease → Genetic predisposition → Diabetes → stroke; Inherited traits from parents → Genetic predisposition → Diabetes → stroke; Environmental factors during pregnancy → Genetic predisposition → Diabetes → stroke; Exposure to certain toxins → Genetic predisposition → Diabetes → stroke; Random chance and natural selection → Genetic predisposition → Diabetes → stroke; Family history of diabetes → Diabetes → stroke; Poor diet → Diabetes → stroke; Lack of physical activity → Diabetes → stroke; Insulin resistance → Diabetes → stroke; Atherosclerosis → stroke; Blood clots → stroke; Traumatic brain injury → stroke,15,Yes,"Based on the provided evidence-grounded medical knowledge rewriting system, I will organize the causal relationships related to stroke:

Direct Causal Evidence:
1. Atherosclerosis → stroke
2. Blood clots → stroke
3. Diabetes → stroke
4. High blood pressure → stroke
5. Traumatic brain injury → stroke

Multi-Hop Causal Evidence:
1. Genetic predisposition → Diabetes → stroke
2. Family history of disease → Genetic predisposition → Diabetes → stroke
3. Inherited traits from parents → Genetic predisposition → Diabetes → stroke
4. Environmental factors during pregnancy → Genetic predisposition → Diabetes → stroke
5. Exposure to certain toxins → Genetic predisposition → Diabetes → stroke
6. Random chance and natural selection → Genetic predisposition → Diabetes → stroke
7. Family history of diabetes → Diabetes → stroke
8. Poor diet → Diabetes → stroke
9. Lack of physical activity → Diabetes → stroke
10. Insulin resistance → Diabetes → stroke

Strict Rules:
No additional information can be added or inferred beyond what is explicitly present in the evidence.

Output:
""Stroke is caused by Atherosclerosis, Blood clots, Diabetes, High blood pressure, and Traumatic brain injury.""","Stroke is caused by Atherosclerosis, Blood clots, Diabetes, High blood pressure, and Traumatic brain injury.",No,64.2893,64289.32,0.0156,SUCCESS
